{"resourceType":"ImplementationGuide","id":"nz-base","text":{"status":"generated","div":"<div xmlns=\"http://www.w3.org/1999/xhtml\"><h2>Implementation Guide Template</h2><p>The official URL for this implementation guide is: </p><pre>http://hl7.org.au/fhir/ImplementationGuide/nz-base</pre></div>"},"url":"http://hl7.org.au/fhir/ImplementationGuide/nz-base","version":"1.0.2","name":"Implementation Guide Template","status":"draft","experimental":true,"date":"2010-02-15T00:00:00+13:00","publisher":"HL7 Australia","contact":[{"name":"HL7 Australia Patient Administration Working Group","telecom":[{"system":"url","value":"http://confluence.hl7australia.com/display/PA","use":"work"}]}],"fhirVersion":"3.0.1","package":[{"id":"p1","name":"base","resource":[{"example":false,"sourceReference":{"reference":"StructureDefinition/nzpatient"}},{"example":false,"sourceReference":{"reference":"StructureDefinition/nzpractitioner"}}]}],"page":{"source":"index.html","title":"New Zealand Base Profiles Implementation Guide","kind":"page"}}